Workbook

Sheet Tippspiel
A1: ⚽ WM 2026 TIPPSPIEL – VORRUNDE
A2: Punkte: Exaktes Ergebnis = 3 Pkt | Richtige Tordifferenz = 2 Pkt | Richtiger Ausgang (S/U/N) = 1 Pkt | Falsch = 0 Pkt
A3: Datum | B3: Begegnung | C3: Gruppe | D3: Nolan Tipp | E3: Leonie Tipp | F3: Anna Tipp | G3: Georg Tipp | H3: Ester Tipp | I3: Snezhana Tipp | J3: Oliver Tipp | K3: Ergebnis | L3: Nolan Pkt | M3: Leonie Pkt | N3: Anna Pkt | O3: Georg Pkt | P3: Ester Pkt | Q3: Snezhana Pkt | R3: Oliver Pkt
A4: 11.06. | B4: Mexiko – Südafrika | C4: Gr. A | L4: =IF(OR(D4="",K4=""),"",IF(AND(VALUE(LEFT(D4,FIND(":",D4)-1))=VALUE(LEFT(K4,FIND(":",K4)-1)),VALUE(MID(D4,FIND(":",D4)+1,10))=VALUE(MID(K4,FIND(":",K4)+1,10))),3,IF(VALUE(LEFT(D4,FIND(":",D4)-1))-VALUE(MID(D4,FIND(":",D4)+1,10))=VALUE(LEFT(K4,FIND(":",K4)-1))-VALUE(MID(K4,FIND(":",K4)+1,10)),2,IF(SIGN(VALUE(LEFT(D4,FIND(":",D4)-1))-VALUE(MID(D4,FIND(":",D4)+1,10)))=SIGN(VALUE(LEFT(K4,FIND(":",K4)-1))-VALUE(MID(K4,FIND(":",K4)+1,10))),1,0)))) | M4: =IF(OR(E4="",K4=""),"",IF(AND(VALUE(LEFT(E4,FIND(":",E4)-1))=VALUE(LEFT(K4,FIND(":",K4)-1)),VALUE(MID(E4,FIND(":",E4)+1,10))=VALUE(MID(K4,FIND(":",K4)+1,10))),3,IF(VALUE(LEFT(E4,FIND(":",E4)-1))-VALUE(MID(E4,FIND(":",E4)+1,10))=VALUE(LEFT(K4,FIND(":",K4)-1))-VALUE(MID(K4,FIND(":",K4)+1,10)),2,IF(SIGN(VALUE(LEFT(E4,FIND(":",E4)-1))-VALUE(MID(E4,FIND(":",E4)+1,10)))=SIGN(VALUE(LEFT(K4,FIND(":",K4)-1))-VALUE(MID(K4,FIND(":",K4)+1,10))),1,0)))) | N4: =IF(OR(F4="",K4=""),"",IF(AND(VALUE(LEFT(F4,FIND(":",F4)-1))=VALUE(LEFT(K4,FIND(":",K4)-1)),VALUE(MID(F4,FIND(":",F4)+1,10))=VALUE(MID(K4,FIND(":",K4)+1,10))),3,IF(VALUE(LEFT(F4,FIND(":",F4)-1))-VALUE(MID(F4,FIND(":",F4)+1,10))=VALUE(LEFT(K4,FIND(":",K4)-1))-VALUE(MID(K4,FIND(":",K4)+1,10)),2,IF(SIGN(VALUE(LEFT(F4,FIND(":",F4)-1))-VALUE(MID(F4,FIND(":",F4)+1,10)))=SIGN(VALUE(LEFT(K4,FIND(":",K4)-1))-VALUE(MID(K4,FIND(":",K4)+1,10))),1,0)))) | O4: =IF(OR(G4="",K4=""),"",IF(AND(VALUE(LEFT(G4,FIND(":",G4)-1))=VALUE(LEFT(K4,FIND(":",K4)-1)),VALUE(MID(G4,FIND(":",G4)+1,10))=VALUE(MID(K4,FIND(":",K4)+1,10))),3,IF(VALUE(LEFT(G4,FIND(":",G4)-1))-VALUE(MID(G4,FIND(":",G4)+1,10))=VALUE(LEFT(K4,FIND(":",K4)-1))-VALUE(MID(K4,FIND(":",K4)+1,10)),2,IF(SIGN(VALUE(LEFT(G4,FIND(":",G4)-1))-VALUE(MID(G4,FIND(":",G4)+1,10)))=SIGN(VALUE(LEFT(K4,FIND(":",K4)-1))-VALUE(MID(K4,FIND(":",K4)+1,10))),1,0)))) | P4: =IF(OR(H4="",K4=""),"",IF(AND(VALUE(LEFT(H4,FIND(":",H4)-1))=VALUE(LEFT(K4,FIND(":",K4)-1)),VALUE(MID(H4,FIND(":",H4)+1,10))=VALUE(MID(K4,FIND(":",K4)+1,10))),3,IF(VALUE(LEFT(H4,FIND(":",H4)-1))-VALUE(MID(H4,FIND(":",H4)+1,10))=VALUE(LEFT(K4,FIND(":",K4)-1))-VALUE(MID(K4,FIND(":",K4)+1,10)),2,IF(SIGN(VALUE(LEFT(H4,FIND(":",H4)-1))-VALUE(MID(H4,FIND(":",H4)+1,10)))=SIGN(VALUE(LEFT(K4,FIND(":",K4)-1))-VALUE(MID(K4,FIND(":",K4)+1,10))),1,0)))) | Q4: =IF(OR(I4="",K4=""),"",IF(AND(VALUE(LEFT(I4,FIND(":",I4)-1))=VALUE(LEFT(K4,FIND(":",K4)-1)),VALUE(MID(I4,FIND(":",I4)+1,10))=VALUE(MID(K4,FIND(":",K4)+1,10))),3,IF(VALUE(LEFT(I4,FIND(":",I4)-1))-VALUE(MID(I4,FIND(":",I4)+1,10))=VALUE(LEFT(K4,FIND(":",K4)-1))-VALUE(MID(K4,FIND(":",K4)+1,10)),2,IF(SIGN(VALUE(LEFT(I4,FIND(":",I4)-1))-VALUE(MID(I4,FIND(":",I4)+1,10)))=SIGN(VALUE(LEFT(K4,FIND(":",K4)-1))-VALUE(MID(K4,FIND(":",K4)+1,10))),1,0)))) | R4: =IF(OR(J4="",K4=""),"",IF(AND(VALUE(LEFT(J4,FIND(":",J4)-1))=VALUE(LEFT(K4,FIND(":",K4)-1)),VALUE(MID(J4,FIND(":",J4)+1,10))=VALUE(MID(K4,FIND(":",K4)+1,10))),3,IF(VALUE(LEFT(J4,FIND(":",J4)-1))-VALUE(MID(J4,FIND(":",J4)+1,10))=VALUE(LEFT(K4,FIND(":",K4)-1))-VALUE(MID(K4,FIND(":",K4)+1,10)),2,IF(SIGN(VALUE(LEFT(J4,FIND(":",J4)-1))-VALUE(MID(J4,FIND(":",J4)+1,10)))=SIGN(VALUE(LEFT(K4,FIND(":",K4)-1))-VALUE(MID(K4,FIND(":",K4)+1,10))),1,0))))
A5: 12.06. | B5: Südkorea – Tschechien | C5: Gr. A | L5: =IF(OR(D5="",K5=""),"",IF(AND(VALUE(LEFT(D5,FIND(":",D5)-1))=VALUE(LEFT(K5,FIND(":",K5)-1)),VALUE(MID(D5,FIND(":",D5)+1,10))=VALUE(MID(K5,FIND(":",K5)+1,10))),3,IF(VALUE(LEFT(D5,FIND(":",D5)-1))-VALUE(MID(D5,FIND(":",D5)+1,10))=VALUE(LEFT(K5,FIND(":",K5)-1))-VALUE(MID(K5,FIND(":",K5)+1,10)),2,IF(SIGN(VALUE(LEFT(D5,FIND(":",D5)-1))-VALUE(MID(D5,FIND(":",D5)+1,10)))=SIGN(VALUE(LEFT(K5,FIND(":",K5)-1))-VALUE(MID(K5,FIND(":",K5)+1,10))),1,0)))) | M5: =IF(OR(E5="",K5=""),"",IF(AND(VALUE(LEFT(E5,FIND(":",E5)-1))=VALUE(LEFT(K5,FIND(":",K5)-1)),VALUE(MID(E5,FIND(":",E5)+1,10))=VALUE(MID(K5,FIND(":",K5)+1,10))),3,IF(VALUE(LEFT(E5,FIND(":",E5)-1))-VALUE(MID(E5,FIND(":",E5)+1,10))=VALUE(LEFT(K5,FIND(":",K5)-1))-VALUE(MID(K5,FIND(":",K5)+1,10)),2,IF(SIGN(VALUE(LEFT(E5,FIND(":",E5)-1))-VALUE(MID(E5,FIND(":",E5)+1,10)))=SIGN(VALUE(LEFT(K5,FIND(":",K5)-1))-VALUE(MID(K5,FIND(":",K5)+1,10))),1,0)))) | N5: =IF(OR(F5="",K5=""),"",IF(AND(VALUE(LEFT(F5,FIND(":",F5)-1))=VALUE(LEFT(K5,FIND(":",K5)-1)),VALUE(MID(F5,FIND(":",F5)+1,10))=VALUE(MID(K5,FIND(":",K5)+1,10))),3,IF(VALUE(LEFT(F5,FIND(":",F5)-1))-VALUE(MID(F5,FIND(":",F5)+1,10))=VALUE(LEFT(K5,FIND(":",K5)-1))-VALUE(MID(K5,FIND(":",K5)+1,10)),2,IF(SIGN(VALUE(LEFT(F5,FIND(":",F5)-1))-VALUE(MID(F5,FIND(":",F5)+1,10)))=SIGN(VALUE(LEFT(K5,FIND(":",K5)-1))-VALUE(MID(K5,FIND(":",K5)+1,10))),1,0)))) | O5: =IF(OR(G5="",K5=""),"",IF(AND(VALUE(LEFT(G5,FIND(":",G5)-1))=VALUE(LEFT(K5,FIND(":",K5)-1)),VALUE(MID(G5,FIND(":",G5)+1,10))=VALUE(MID(K5,FIND(":",K5)+1,10))),3,IF(VALUE(LEFT(G5,FIND(":",G5)-1))-VALUE(MID(G5,FIND(":",G5)+1,10))=VALUE(LEFT(K5,FIND(":",K5)-1))-VALUE(MID(K5,FIND(":",K5)+1,10)),2,IF(SIGN(VALUE(LEFT(G5,FIND(":",G5)-1))-VALUE(MID(G5,FIND(":",G5)+1,10)))=SIGN(VALUE(LEFT(K5,FIND(":",K5)-1))-VALUE(MID(K5,FIND(":",K5)+1,10))),1,0)))) | P5: =IF(OR(H5="",K5=""),"",IF(AND(VALUE(LEFT(H5,FIND(":",H5)-1))=VALUE(LEFT(K5,FIND(":",K5)-1)),VALUE(MID(H5,FIND(":",H5)+1,10))=VALUE(MID(K5,FIND(":",K5)+1,10))),3,IF(VALUE(LEFT(H5,FIND(":",H5)-1))-VALUE(MID(H5,FIND(":",H5)+1,10))=VALUE(LEFT(K5,FIND(":",K5)-1))-VALUE(MID(K5,FIND(":",K5)+1,10)),2,IF(SIGN(VALUE(LEFT(H5,FIND(":",H5)-1))-VALUE(MID(H5,FIND(":",H5)+1,10)))=SIGN(VALUE(LEFT(K5,FIND(":",K5)-1))-VALUE(MID(K5,FIND(":",K5)+1,10))),1,0)))) | Q5: =IF(OR(I5="",K5=""),"",IF(AND(VALUE(LEFT(I5,FIND(":",I5)-1))=VALUE(LEFT(K5,FIND(":",K5)-1)),VALUE(MID(I5,FIND(":",I5)+1,10))=VALUE(MID(K5,FIND(":",K5)+1,10))),3,IF(VALUE(LEFT(I5,FIND(":",I5)-1))-VALUE(MID(I5,FIND(":",I5)+1,10))=VALUE(LEFT(K5,FIND(":",K5)-1))-VALUE(MID(K5,FIND(":",K5)+1,10)),2,IF(SIGN(VALUE(LEFT(I5,FIND(":",I5)-1))-VALUE(MID(I5,FIND(":",I5)+1,10)))=SIGN(VALUE(LEFT(K5,FIND(":",K5)-1))-VALUE(MID(K5,FIND(":",K5)+1,10))),1,0)))) | R5: =IF(OR(J5="",K5=""),"",IF(AND(VALUE(LEFT(J5,FIND(":",J5)-1))=VALUE(LEFT(K5,FIND(":",K5)-1)),VALUE(MID(J5,FIND(":",J5)+1,10))=VALUE(MID(K5,FIND(":",K5)+1,10))),3,IF(VALUE(LEFT(J5,FIND(":",J5)-1))-VALUE(MID(J5,FIND(":",J5)+1,10))=VALUE(LEFT(K5,FIND(":",K5)-1))-VALUE(MID(K5,FIND(":",K5)+1,10)),2,IF(SIGN(VALUE(LEFT(J5,FIND(":",J5)-1))-VALUE(MID(J5,FIND(":",J5)+1,10)))=SIGN(VALUE(LEFT(K5,FIND(":",K5)-1))-VALUE(MID(K5,FIND(":",K5)+1,10))),1,0))))
A6: 12.06. | B6: Kanada – Bosnien-Herz. | C6: Gr. B | L6: =IF(OR(D6="",K6=""),"",IF(AND(VALUE(LEFT(D6,FIND(":",D6)-1))=VALUE(LEFT(K6,FIND(":",K6)-1)),VALUE(MID(D6,FIND(":",D6)+1,10))=VALUE(MID(K6,FIND(":",K6)+1,10))),3,IF(VALUE(LEFT(D6,FIND(":",D6)-1))-VALUE(MID(D6,FIND(":",D6)+1,10))=VALUE(LEFT(K6,FIND(":",K6)-1))-VALUE(MID(K6,FIND(":",K6)+1,10)),2,IF(SIGN(VALUE(LEFT(D6,FIND(":",D6)-1))-VALUE(MID(D6,FIND(":",D6)+1,10)))=SIGN(VALUE(LEFT(K6,FIND(":",K6)-1))-VALUE(MID(K6,FIND(":",K6)+1,10))),1,0)))) | M6: =IF(OR(E6="",K6=""),"",IF(AND(VALUE(LEFT(E6,FIND(":",E6)-1))=VALUE(LEFT(K6,FIND(":",K6)-1)),VALUE(MID(E6,FIND(":",E6)+1,10))=VALUE(MID(K6,FIND(":",K6)+1,10))),3,IF(VALUE(LEFT(E6,FIND(":",E6)-1))-VALUE(MID(E6,FIND(":",E6)+1,10))=VALUE(LEFT(K6,FIND(":",K6)-1))-VALUE(MID(K6,FIND(":",K6)+1,10)),2,IF(SIGN(VALUE(LEFT(E6,FIND(":",E6)-1))-VALUE(MID(E6,FIND(":",E6)+1,10)))=SIGN(VALUE(LEFT(K6,FIND(":",K6)-1))-VALUE(MID(K6,FIND(":",K6)+1,10))),1,0)))) | N6: =IF(OR(F6="",K6=""),"",IF(AND(VALUE(LEFT(F6,FIND(":",F6)-1))=VALUE(LEFT(K6,FIND(":",K6)-1)),VALUE(MID(F6,FIND(":",F6)+1,10))=VALUE(MID(K6,FIND(":",K6)+1,10))),3,IF(VALUE(LEFT(F6,FIND(":",F6)-1))-VALUE(MID(F6,FIND(":",F6)+1,10))=VALUE(LEFT(K6,FIND(":",K6)-1))-VALUE(MID(K6,FIND(":",K6)+1,10)),2,IF(SIGN(VALUE(LEFT(F6,FIND(":",F6)-1))-VALUE(MID(F6,FIND(":",F6)+1,10)))=SIGN(VALUE(LEFT(K6,FIND(":",K6)-1))-VALUE(MID(K6,FIND(":",K6)+1,10))),1,0)))) | O6: =IF(OR(G6="",K6=""),"",IF(AND(VALUE(LEFT(G6,FIND(":",G6)-1))=VALUE(LEFT(K6,FIND(":",K6)-1)),VALUE(MID(G6,FIND(":",G6)+1,10))=VALUE(MID(K6,FIND(":",K6)+1,10))),3,IF(VALUE(LEFT(G6,FIND(":",G6)-1))-VALUE(MID(G6,FIND(":",G6)+1,10))=VALUE(LEFT(K6,FIND(":",K6)-1))-VALUE(MID(K6,FIND(":",K6)+1,10)),2,IF(SIGN(VALUE(LEFT(G6,FIND(":",G6)-1))-VALUE(MID(G6,FIND(":",G6)+1,10)))=SIGN(VALUE(LEFT(K6,FIND(":",K6)-1))-VALUE(MID(K6,FIND(":",K6)+1,10))),1,0)))) | P6: =IF(OR(H6="",K6=""),"",IF(AND(VALUE(LEFT(H6,FIND(":",H6)-1))=VALUE(LEFT(K6,FIND(":",K6)-1)),VALUE(MID(H6,FIND(":",H6)+1,10))=VALUE(MID(K6,FIND(":",K6)+1,10))),3,IF(VALUE(LEFT(H6,FIND(":",H6)-1))-VALUE(MID(H6,FIND(":",H6)+1,10))=VALUE(LEFT(K6,FIND(":",K6)-1))-VALUE(MID(K6,FIND(":",K6)+1,10)),2,IF(SIGN(VALUE(LEFT(H6,FIND(":",H6)-1))-VALUE(MID(H6,FIND(":",H6)+1,10)))=SIGN(VALUE(LEFT(K6,FIND(":",K6)-1))-VALUE(MID(K6,FIND(":",K6)+1,10))),1,0)))) | Q6: =IF(OR(I6="",K6=""),"",IF(AND(VALUE(LEFT(I6,FIND(":",I6)-1))=VALUE(LEFT(K6,FIND(":",K6)-1)),VALUE(MID(I6,FIND(":",I6)+1,10))=VALUE(MID(K6,FIND(":",K6)+1,10))),3,IF(VALUE(LEFT(I6,FIND(":",I6)-1))-VALUE(MID(I6,FIND(":",I6)+1,10))=VALUE(LEFT(K6,FIND(":",K6)-1))-VALUE(MID(K6,FIND(":",K6)+1,10)),2,IF(SIGN(VALUE(LEFT(I6,FIND(":",I6)-1))-VALUE(MID(I6,FIND(":",I6)+1,10)))=SIGN(VALUE(LEFT(K6,FIND(":",K6)-1))-VALUE(MID(K6,FIND(":",K6)+1,10))),1,0)))) | R6: =IF(OR(J6="",K6=""),"",IF(AND(VALUE(LEFT(J6,FIND(":",J6)-1))=VALUE(LEFT(K6,FIND(":",K6)-1)),VALUE(MID(J6,FIND(":",J6)+1,10))=VALUE(MID(K6,FIND(":",K6)+1,10))),3,IF(VALUE(LEFT(J6,FIND(":",J6)-1))-VALUE(MID(J6,FIND(":",J6)+1,10))=VALUE(LEFT(K6,FIND(":",K6)-1))-VALUE(MID(K6,FIND(":",K6)+1,10)),2,IF(SIGN(VALUE(LEFT(J6,FIND(":",J6)-1))-VALUE(MID(J6,FIND(":",J6)+1,10)))=SIGN(VALUE(LEFT(K6,FIND(":",K6)-1))-VALUE(MID(K6,FIND(":",K6)+1,10))),1,0))))
A7: 13.06. | B7: USA – Paraguay | C7: Gr. D | L7: =IF(OR(D7="",K7=""),"",IF(AND(VALUE(LEFT(D7,FIND(":",D7)-1))=VALUE(LEFT(K7,FIND(":",K7)-1)),VALUE(MID(D7,FIND(":",D7)+1,10))=VALUE(MID(K7,FIND(":",K7)+1,10))),3,IF(VALUE(LEFT(D7,FIND(":",D7)-1))-VALUE(MID(D7,FIND(":",D7)+1,10))=VALUE(LEFT(K7,FIND(":",K7)-1))-VALUE(MID(K7,FIND(":",K7)+1,10)),2,IF(SIGN(VALUE(LEFT(D7,FIND(":",D7)-1))-VALUE(MID(D7,FIND(":",D7)+1,10)))=SIGN(VALUE(LEFT(K7,FIND(":",K7)-1))-VALUE(MID(K7,FIND(":",K7)+1,10))),1,0)))) | M7: =IF(OR(E7="",K7=""),"",IF(AND(VALUE(LEFT(E7,FIND(":",E7)-1))=VALUE(LEFT(K7,FIND(":",K7)-1)),VALUE(MID(E7,FIND(":",E7)+1,10))=VALUE(MID(K7,FIND(":",K7)+1,10))),3,IF(VALUE(LEFT(E7,FIND(":",E7)-1))-VALUE(MID(E7,FIND(":",E7)+1,10))=VALUE(LEFT(K7,FIND(":",K7)-1))-VALUE(MID(K7,FIND(":",K7)+1,10)),2,IF(SIGN(VALUE(LEFT(E7,FIND(":",E7)-1))-VALUE(MID(E7,FIND(":",E7)+1,10)))=SIGN(VALUE(LEFT(K7,FIND(":",K7)-1))-VALUE(MID(K7,FIND(":",K7)+1,10))),1,0)))) | N7: =IF(OR(F7="",K7=""),"",IF(AND(VALUE(LEFT(F7,FIND(":",F7)-1))=VALUE(LEFT(K7,FIND(":",K7)-1)),VALUE(MID(F7,FIND(":",F7)+1,10))=VALUE(MID(K7,FIND(":",K7)+1,10))),3,IF(VALUE(LEFT(F7,FIND(":",F7)-1))-VALUE(MID(F7,FIND(":",F7)+1,10))=VALUE(LEFT(K7,FIND(":",K7)-1))-VALUE(MID(K7,FIND(":",K7)+1,10)),2,IF(SIGN(VALUE(LEFT(F7,FIND(":",F7)-1))-VALUE(MID(F7,FIND(":",F7)+1,10)))=SIGN(VALUE(LEFT(K7,FIND(":",K7)-1))-VALUE(MID(K7,FIND(":",K7)+1,10))),1,0)))) | O7: =IF(OR(G7="",K7=""),"",IF(AND(VALUE(LEFT(G7,FIND(":",G7)-1))=VALUE(LEFT(K7,FIND(":",K7)-1)),VALUE(MID(G7,FIND(":",G7)+1,10))=VALUE(MID(K7,FIND(":",K7)+1,10))),3,IF(VALUE(LEFT(G7,FIND(":",G7)-1))-VALUE(MID(G7,FIND(":",G7)+1,10))=VALUE(LEFT(K7,FIND(":",K7)-1))-VALUE(MID(K7,FIND(":",K7)+1,10)),2,IF(SIGN(VALUE(LEFT(G7,FIND(":",G7)-1))-VALUE(MID(G7,FIND(":",G7)+1,10)))=SIGN(VALUE(LEFT(K7,FIND(":",K7)-1))-VALUE(MID(K7,FIND(":",K7)+1,10))),1,0)))) | P7: =IF(OR(H7="",K7=""),"",IF(AND(VALUE(LEFT(H7,FIND(":",H7)-1))=VALUE(LEFT(K7,FIND(":",K7)-1)),VALUE(MID(H7,FIND(":",H7)+1,10))=VALUE(MID(K7,FIND(":",K7)+1,10))),3,IF(VALUE(LEFT(H7,FIND(":",H7)-1))-VALUE(MID(H7,FIND(":",H7)+1,10))=VALUE(LEFT(K7,FIND(":",K7)-1))-VALUE(MID(K7,FIND(":",K7)+1,10)),2,IF(SIGN(VALUE(LEFT(H7,FIND(":",H7)-1))-VALUE(MID(H7,FIND(":",H7)+1,10)))=SIGN(VALUE(LEFT(K7,FIND(":",K7)-1))-VALUE(MID(K7,FIND(":",K7)+1,10))),1,0)))) | Q7: =IF(OR(I7="",K7=""),"",IF(AND(VALUE(LEFT(I7,FIND(":",I7)-1))=VALUE(LEFT(K7,FIND(":",K7)-1)),VALUE(MID(I7,FIND(":",I7)+1,10))=VALUE(MID(K7,FIND(":",K7)+1,10))),3,IF(VALUE(LEFT(I7,FIND(":",I7)-1))-VALUE(MID(I7,FIND(":",I7)+1,10))=VALUE(LEFT(K7,FIND(":",K7)-1))-VALUE(MID(K7,FIND(":",K7)+1,10)),2,IF(SIGN(VALUE(LEFT(I7,FIND(":",I7)-1))-VALUE(MID(I7,FIND(":",I7)+1,10)))=SIGN(VALUE(LEFT(K7,FIND(":",K7)-1))-VALUE(MID(K7,FIND(":",K7)+1,10))),1,0)))) | R7: =IF(OR(J7="",K7=""),"",IF(AND(VALUE(LEFT(J7,FIND(":",J7)-1))=VALUE(LEFT(K7,FIND(":",K7)-1)),VALUE(MID(J7,FIND(":",J7)+1,10))=VALUE(MID(K7,FIND(":",K7)+1,10))),3,IF(VALUE(LEFT(J7,FIND(":",J7)-1))-VALUE(MID(J7,FIND(":",J7)+1,10))=VALUE(LEFT(K7,FIND(":",K7)-1))-VALUE(MID(K7,FIND(":",K7)+1,10)),2,IF(SIGN(VALUE(LEFT(J7,FIND(":",J7)-1))-VALUE(MID(J7,FIND(":",J7)+1,10)))=SIGN(VALUE(LEFT(K7,FIND(":",K7)-1))-VALUE(MID(K7,FIND(":",K7)+1,10))),1,0))))
A8: 13.06. | B8: Katar – Schweiz | C8: Gr. B | L8: =IF(OR(D8="",K8=""),"",IF(AND(VALUE(LEFT(D8,FIND(":",D8)-1))=VALUE(LEFT(K8,FIND(":",K8)-1)),VALUE(MID(D8,FIND(":",D8)+1,10))=VALUE(MID(K8,FIND(":",K8)+1,10))),3,IF(VALUE(LEFT(D8,FIND(":",D8)-1))-VALUE(MID(D8,FIND(":",D8)+1,10))=VALUE(LEFT(K8,FIND(":",K8)-1))-VALUE(MID(K8,FIND(":",K8)+1,10)),2,IF(SIGN(VALUE(LEFT(D8,FIND(":",D8)-1))-VALUE(MID(D8,FIND(":",D8)+1,10)))=SIGN(VALUE(LEFT(K8,FIND(":",K8)-1))-VALUE(MID(K8,FIND(":",K8)+1,10))),1,0)))) | M8: =IF(OR(E8="",K8=""),"",IF(AND(VALUE(LEFT(E8,FIND(":",E8)-1))=VALUE(LEFT(K8,FIND(":",K8)-1)),VALUE(MID(E8,FIND(":",E8)+1,10))=VALUE(MID(K8,FIND(":",K8)+1,10))),3,IF(VALUE(LEFT(E8,FIND(":",E8)-1))-VALUE(MID(E8,FIND(":",E8)+1,10))=VALUE(LEFT(K8,FIND(":",K8)-1))-VALUE(MID(K8,FIND(":",K8)+1,10)),2,IF(SIGN(VALUE(LEFT(E8,FIND(":",E8)-1))-VALUE(MID(E8,FIND(":",E8)+1,10)))=SIGN(VALUE(LEFT(K8,FIND(":",K8)-1))-VALUE(MID(K8,FIND(":",K8)+1,10))),1,0)))) | N8: =IF(OR(F8="",K8=""),"",IF(AND(VALUE(LEFT(F8,FIND(":",F8)-1))=VALUE(LEFT(K8,FIND(":",K8)-1)),VALUE(MID(F8,FIND(":",F8)+1,10))=VALUE(MID(K8,FIND(":",K8)+1,10))),3,IF(VALUE(LEFT(F8,FIND(":",F8)-1))-VALUE(MID(F8,FIND(":",F8)+1,10))=VALUE(LEFT(K8,FIND(":",K8)-1))-VALUE(MID(K8,FIND(":",K8)+1,10)),2,IF(SIGN(VALUE(LEFT(F8,FIND(":",F8)-1))-VALUE(MID(F8,FIND(":",F8)+1,10)))=SIGN(VALUE(LEFT(K8,FIND(":",K8)-1))-VALUE(MID(K8,FIND(":",K8)+1,10))),1,0)))) | O8: =IF(OR(G8="",K8=""),"",IF(AND(VALUE(LEFT(G8,FIND(":",G8)-1))=VALUE(LEFT(K8,FIND(":",K8)-1)),VALUE(MID(G8,FIND(":",G8)+1,10))=VALUE(MID(K8,FIND(":",K8)+1,10))),3,IF(VALUE(LEFT(G8,FIND(":",G8)-1))-VALUE(MID(G8,FIND(":",G8)+1,10))=VALUE(LEFT(K8,FIND(":",K8)-1))-VALUE(MID(K8,FIND(":",K8)+1,10)),2,IF(SIGN(VALUE(LEFT(G8,FIND(":",G8)-1))-VALUE(MID(G8,FIND(":",G8)+1,10)))=SIGN(VALUE(LEFT(K8,FIND(":",K8)-1))-VALUE(MID(K8,FIND(":",K8)+1,10))),1,0)))) | P8: =IF(OR(H8="",K8=""),"",IF(AND(VALUE(LEFT(H8,FIND(":",H8)-1))=VALUE(LEFT(K8,FIND(":",K8)-1)),VALUE(MID(H8,FIND(":",H8)+1,10))=VALUE(MID(K8,FIND(":",K8)+1,10))),3,IF(VALUE(LEFT(H8,FIND(":",H8)-1))-VALUE(MID(H8,FIND(":",H8)+1,10))=VALUE(LEFT(K8,FIND(":",K8)-1))-VALUE(MID(K8,FIND(":",K8)+1,10)),2,IF(SIGN(VALUE(LEFT(H8,FIND(":",H8)-1))-VALUE(MID(H8,FIND(":",H8)+1,10)))=SIGN(VALUE(LEFT(K8,FIND(":",K8)-1))-VALUE(MID(K8,FIND(":",K8)+1,10))),1,0)))) | Q8: =IF(OR(I8="",K8=""),"",IF(AND(VALUE(LEFT(I8,FIND(":",I8)-1))=VALUE(LEFT(K8,FIND(":",K8)-1)),VALUE(MID(I8,FIND(":",I8)+1,10))=VALUE(MID(K8,FIND(":",K8)+1,10))),3,IF(VALUE(LEFT(I8,FIND(":",I8)-1))-VALUE(MID(I8,FIND(":",I8)+1,10))=VALUE(LEFT(K8,FIND(":",K8)-1))-VALUE(MID(K8,FIND(":",K8)+1,10)),2,IF(SIGN(VALUE(LEFT(I8,FIND(":",I8)-1))-VALUE(MID(I8,FIND(":",I8)+1,10)))=SIGN(VALUE(LEFT(K8,FIND(":",K8)-1))-VALUE(MID(K8,FIND(":",K8)+1,10))),1,0)))) | R8: =IF(OR(J8="",K8=""),"",IF(AND(VALUE(LEFT(J8,FIND(":",J8)-1))=VALUE(LEFT(K8,FIND(":",K8)-1)),VALUE(MID(J8,FIND(":",J8)+1,10))=VALUE(MID(K8,FIND(":",K8)+1,10))),3,IF(VALUE(LEFT(J8,FIND(":",J8)-1))-VALUE(MID(J8,FIND(":",J8)+1,10))=VALUE(LEFT(K8,FIND(":",K8)-1))-VALUE(MID(K8,FIND(":",K8)+1,10)),2,IF(SIGN(VALUE(LEFT(J8,FIND(":",J8)-1))-VALUE(MID(J8,FIND(":",J8)+1,10)))=SIGN(VALUE(LEFT(K8,FIND(":",K8)-1))-VALUE(MID(K8,FIND(":",K8)+1,10))),1,0))))
A9: 14.06. | B9: Brasilien – Marokko | C9: Gr. C | L9: =IF(OR(D9="",K9=""),"",IF(AND(VALUE(LEFT(D9,FIND(":",D9)-1))=VALUE(LEFT(K9,FIND(":",K9)-1)),VALUE(MID(D9,FIND(":",D9)+1,10))=VALUE(MID(K9,FIND(":",K9)+1,10))),3,IF(VALUE(LEFT(D9,FIND(":",D9)-1))-VALUE(MID(D9,FIND(":",D9)+1,10))=VALUE(LEFT(K9,FIND(":",K9)-1))-VALUE(MID(K9,FIND(":",K9)+1,10)),2,IF(SIGN(VALUE(LEFT(D9,FIND(":",D9)-1))-VALUE(MID(D9,FIND(":",D9)+1,10)))=SIGN(VALUE(LEFT(K9,FIND(":",K9)-1))-VALUE(MID(K9,FIND(":",K9)+1,10))),1,0)))) | M9: =IF(OR(E9="",K9=""),"",IF(AND(VALUE(LEFT(E9,FIND(":",E9)-1))=VALUE(LEFT(K9,FIND(":",K9)-1)),VALUE(MID(E9,FIND(":",E9)+1,10))=VALUE(MID(K9,FIND(":",K9)+1,10))),3,IF(VALUE(LEFT(E9,FIND(":",E9)-1))-VALUE(MID(E9,FIND(":",E9)+1,10))=VALUE(LEFT(K9,FIND(":",K9)-1))-VALUE(MID(K9,FIND(":",K9)+1,10)),2,IF(SIGN(VALUE(LEFT(E9,FIND(":",E9)-1))-VALUE(MID(E9,FIND(":",E9)+1,10)))=SIGN(VALUE(LEFT(K9,FIND(":",K9)-1))-VALUE(MID(K9,FIND(":",K9)+1,10))),1,0)))) | N9: =IF(OR(F9="",K9=""),"",IF(AND(VALUE(LEFT(F9,FIND(":",F9)-1))=VALUE(LEFT(K9,FIND(":",K9)-1)),VALUE(MID(F9,FIND(":",F9)+1,10))=VALUE(MID(K9,FIND(":",K9)+1,10))),3,IF(VALUE(LEFT(F9,FIND(":",F9)-1))-VALUE(MID(F9,FIND(":",F9)+1,10))=VALUE(LEFT(K9,FIND(":",K9)-1))-VALUE(MID(K9,FIND(":",K9)+1,10)),2,IF(SIGN(VALUE(LEFT(F9,FIND(":",F9)-1))-VALUE(MID(F9,FIND(":",F9)+1,10)))=SIGN(VALUE(LEFT(K9,FIND(":",K9)-1))-VALUE(MID(K9,FIND(":",K9)+1,10))),1,0)))) | O9: =IF(OR(G9="",K9=""),"",IF(AND(VALUE(LEFT(G9,FIND(":",G9)-1))=VALUE(LEFT(K9,FIND(":",K9)-1)),VALUE(MID(G9,FIND(":",G9)+1,10))=VALUE(MID(K9,FIND(":",K9)+1,10))),3,IF(VALUE(LEFT(G9,FIND(":",G9)-1))-VALUE(MID(G9,FIND(":",G9)+1,10))=VALUE(LEFT(K9,FIND(":",K9)-1))-VALUE(MID(K9,FIND(":",K9)+1,10)),2,IF(SIGN(VALUE(LEFT(G9,FIND(":",G9)-1))-VALUE(MID(G9,FIND(":",G9)+1,10)))=SIGN(VALUE(LEFT(K9,FIND(":",K9)-1))-VALUE(MID(K9,FIND(":",K9)+1,10))),1,0)))) | P9: =IF(OR(H9="",K9=""),"",IF(AND(VALUE(LEFT(H9,FIND(":",H9)-1))=VALUE(LEFT(K9,FIND(":",K9)-1)),VALUE(MID(H9,FIND(":",H9)+1,10))=VALUE(MID(K9,FIND(":",K9)+1,10))),3,IF(VALUE(LEFT(H9,FIND(":",H9)-1))-VALUE(MID(H9,FIND(":",H9)+1,10))=VALUE(LEFT(K9,FIND(":",K9)-1))-VALUE(MID(K9,FIND(":",K9)+1,10)),2,IF(SIGN(VALUE(LEFT(H9,FIND(":",H9)-1))-VALUE(MID(H9,FIND(":",H9)+1,10)))=SIGN(VALUE(LEFT(K9,FIND(":",K9)-1))-VALUE(MID(K9,FIND(":",K9)+1,10))),1,0)))) | Q9: =IF(OR(I9="",K9=""),"",IF(AND(VALUE(LEFT(I9,FIND(":",I9)-1))=VALUE(LEFT(K9,FIND(":",K9)-1)),VALUE(MID(I9,FIND(":",I9)+1,10))=VALUE(MID(K9,FIND(":",K9)+1,10))),3,IF(VALUE(LEFT(I9,FIND(":",I9)-1))-VALUE(MID(I9,FIND(":",I9)+1,10))=VALUE(LEFT(K9,FIND(":",K9)-1))-VALUE(MID(K9,FIND(":",K9)+1,10)),2,IF(SIGN(VALUE(LEFT(I9,FIND(":",I9)-1))-VALUE(MID(I9,FIND(":",I9)+1,10)))=SIGN(VALUE(LEFT(K9,FIND(":",K9)-1))-VALUE(MID(K9,FIND(":",K9)+1,10))),1,0)))) | R9: =IF(OR(J9="",K9=""),"",IF(AND(VALUE(LEFT(J9,FIND(":",J9)-1))=VALUE(LEFT(K9,FIND(":",K9)-1)),VALUE(MID(J9,FIND(":",J9)+1,10))=VALUE(MID(K9,FIND(":",K9)+1,10))),3,IF(VALUE(LEFT(J9,FIND(":",J9)-1))-VALUE(MID(J9,FIND(":",J9)+1,10))=VALUE(LEFT(K9,FIND(":",K9)-1))-VALUE(MID(K9,FIND(":",K9)+1,10)),2,IF(SIGN(VALUE(LEFT(J9,FIND(":",J9)-1))-VALUE(MID(J9,FIND(":",J9)+1,10)))=SIGN(VALUE(LEFT(K9,FIND(":",K9)-1))-VALUE(MID(K9,FIND(":",K9)+1,10))),1,0))))
A10: 14.06. | B10: Haiti – Schottland | C10: Gr. C | L10: =IF(OR(D10="",K10=""),"",IF(AND(VALUE(LEFT(D10,FIND(":",D10)-1))=VALUE(LEFT(K10,FIND(":",K10)-1)),VALUE(MID(D10,FIND(":",D10)+1,10))=VALUE(MID(K10,FIND(":",K10)+1,10))),3,IF(VALUE(LEFT(D10,FIND(":",D10)-1))-VALUE(MID(D10,FIND(":",D10)+1,10))=VALUE(LEFT(K10,FIND(":",K10)-1))-VALUE(MID(K10,FIND(":",K10)+1,10)),2,IF(SIGN(VALUE(LEFT(D10,FIND(":",D10)-1))-VALUE(MID(D10,FIND(":",D10)+1,10)))=SIGN(VALUE(LEFT(K10,FIND(":",K10)-1))-VALUE(MID(K10,FIND(":",K10)+1,10))),1,0)))) | M10: =IF(OR(E10="",K10=""),"",IF(AND(VALUE(LEFT(E10,FIND(":",E10)-1))=VALUE(LEFT(K10,FIND(":",K10)-1)),VALUE(MID(E10,FIND(":",E10)+1,10))=VALUE(MID(K10,FIND(":",K10)+1,10))),3,IF(VALUE(LEFT(E10,FIND(":",E10)-1))-VALUE(MID(E10,FIND(":",E10)+1,10))=VALUE(LEFT(K10,FIND(":",K10)-1))-VALUE(MID(K10,FIND(":",K10)+1,10)),2,IF(SIGN(VALUE(LEFT(E10,FIND(":",E10)-1))-VALUE(MID(E10,FIND(":",E10)+1,10)))=SIGN(VALUE(LEFT(K10,FIND(":",K10)-1))-VALUE(MID(K10,FIND(":",K10)+1,10))),1,0)))) | N10: =IF(OR(F10="",K10=""),"",IF(AND(VALUE(LEFT(F10,FIND(":",F10)-1))=VALUE(LEFT(K10,FIND(":",K10)-1)),VALUE(MID(F10,FIND(":",F10)+1,10))=VALUE(MID(K10,FIND(":",K10)+1,10))),3,IF(VALUE(LEFT(F10,FIND(":",F10)-1))-VALUE(MID(F10,FIND(":",F10)+1,10))=VALUE(LEFT(K10,FIND(":",K10)-1))-VALUE(MID(K10,FIND(":",K10)+1,10)),2,IF(SIGN(VALUE(LEFT(F10,FIND(":",F10)-1))-VALUE(MID(F10,FIND(":",F10)+1,10)))=SIGN(VALUE(LEFT(K10,FIND(":",K10)-1))-VALUE(MID(K10,FIND(":",K10)+1,10))),1,0)))) | O10: =IF(OR(G10="",K10=""),"",IF(AND(VALUE(LEFT(G10,FIND(":",G10)-1))=VALUE(LEFT(K10,FIND(":",K10)-1)),VALUE(MID(G10,FIND(":",G10)+1,10))=VALUE(MID(K10,FIND(":",K10)+1,10))),3,IF(VALUE(LEFT(G10,FIND(":",G10)-1))-VALUE(MID(G10,FIND(":",G10)+1,10))=VALUE(LEFT(K10,FIND(":",K10)-1))-VALUE(MID(K10,FIND(":",K10)+1,10)),2,IF(SIGN(VALUE(LEFT(G10,FIND(":",G10)-1))-VALUE(MID(G10,FIND(":",G10)+1,10)))=SIGN(VALUE(LEFT(K10,FIND(":",K10)-1))-VALUE(MID(K10,FIND(":",K10)+1,10))),1,0)))) | P10: =IF(OR(H10="",K10=""),"",IF(AND(VALUE(LEFT(H10,FIND(":",H10)-1))=VALUE(LEFT(K10,FIND(":",K10)-1)),VALUE(MID(H10,FIND(":",H10)+1,10))=VALUE(MID(K10,FIND(":",K10)+1,10))),3,IF(VALUE(LEFT(H10,FIND(":",H10)-1))-VALUE(MID(H10,FIND(":",H10)+1,10))=VALUE(LEFT(K10,FIND(":",K10)-1))-VALUE(MID(K10,FIND(":",K10)+1,10)),2,IF(SIGN(VALUE(LEFT(H10,FIND(":",H10)-1))-VALUE(MID(H10,FIND(":",H10)+1,10)))=SIGN(VALUE(LEFT(K10,FIND(":",K10)-1))-VALUE(MID(K10,FIND(":",K10)+1,10))),1,0)))) | Q10: =IF(OR(I10="",K10=""),"",IF(AND(VALUE(LEFT(I10,FIND(":",I10)-1))=VALUE(LEFT(K10,FIND(":",K10)-1)),VALUE(MID(I10,FIND(":",I10)+1,10))=VALUE(MID(K10,FIND(":",K10)+1,10))),3,IF(VALUE(LEFT(I10,FIND(":",I10)-1))-VALUE(MID(I10,FIND(":",I10)+1,10))=VALUE(LEFT(K10,FIND(":",K10)-1))-VALUE(MID(K10,FIND(":",K10)+1,10)),2,IF(SIGN(VALUE(LEFT(I10,FIND(":",I10)-1))-VALUE(MID(I10,FIND(":",I10)+1,10)))=SIGN(VALUE(LEFT(K10,FIND(":",K10)-1))-VALUE(MID(K10,FIND(":",K10)+1,10))),1,0)))) | R10: =IF(OR(J10="",K10=""),"",IF(AND(VALUE(LEFT(J10,FIND(":",J10)-1))=VALUE(LEFT(K10,FIND(":",K10)-1)),VALUE(MID(J10,FIND(":",J10)+1,10))=VALUE(MID(K10,FIND(":",K10)+1,10))),3,IF(VALUE(LEFT(J10,FIND(":",J10)-1))-VALUE(MID(J10,FIND(":",J10)+1,10))=VALUE(LEFT(K10,FIND(":",K10)-1))-VALUE(MID(K10,FIND(":",K10)+1,10)),2,IF(SIGN(VALUE(LEFT(J10,FIND(":",J10)-1))-VALUE(MID(J10,FIND(":",J10)+1,10)))=SIGN(VALUE(LEFT(K10,FIND(":",K10)-1))-VALUE(MID(K10,FIND(":",K10)+1,10))),1,0))))
A11: 14.06. | B11: Australien – Türkei | C11: Gr. D | L11: =IF(OR(D11="",K11=""),"",IF(AND(VALUE(LEFT(D11,FIND(":",D11)-1))=VALUE(LEFT(K11,FIND(":",K11)-1)),VALUE(MID(D11,FIND(":",D11)+1,10))=VALUE(MID(K11,FIND(":",K11)+1,10))),3,IF(VALUE(LEFT(D11,FIND(":",D11)-1))-VALUE(MID(D11,FIND(":",D11)+1,10))=VALUE(LEFT(K11,FIND(":",K11)-1))-VALUE(MID(K11,FIND(":",K11)+1,10)),2,IF(SIGN(VALUE(LEFT(D11,FIND(":",D11)-1))-VALUE(MID(D11,FIND(":",D11)+1,10)))=SIGN(VALUE(LEFT(K11,FIND(":",K11)-1))-VALUE(MID(K11,FIND(":",K11)+1,10))),1,0)))) | M11: =IF(OR(E11="",K11=""),"",IF(AND(VALUE(LEFT(E11,FIND(":",E11)-1))=VALUE(LEFT(K11,FIND(":",K11)-1)),VALUE(MID(E11,FIND(":",E11)+1,10))=VALUE(MID(K11,FIND(":",K11)+1,10))),3,IF(VALUE(LEFT(E11,FIND(":",E11)-1))-VALUE(MID(E11,FIND(":",E11)+1,10))=VALUE(LEFT(K11,FIND(":",K11)-1))-VALUE(MID(K11,FIND(":",K11)+1,10)),2,IF(SIGN(VALUE(LEFT(E11,FIND(":",E11)-1))-VALUE(MID(E11,FIND(":",E11)+1,10)))=SIGN(VALUE(LEFT(K11,FIND(":",K11)-1))-VALUE(MID(K11,FIND(":",K11)+1,10))),1,0)))) | N11: =IF(OR(F11="",K11=""),"",IF(AND(VALUE(LEFT(F11,FIND(":",F11)-1))=VALUE(LEFT(K11,FIND(":",K11)-1)),VALUE(MID(F11,FIND(":",F11)+1,10))=VALUE(MID(K11,FIND(":",K11)+1,10))),3,IF(VALUE(LEFT(F11,FIND(":",F11)-1))-VALUE(MID(F11,FIND(":",F11)+1,10))=VALUE(LEFT(K11,FIND(":",K11)-1))-VALUE(MID(K11,FIND(":",K11)+1,10)),2,IF(SIGN(VALUE(LEFT(F11,FIND(":",F11)-1))-VALUE(MID(F11,FIND(":",F11)+1,10)))=SIGN(VALUE(LEFT(K11,FIND(":",K11)-1))-VALUE(MID(K11,FIND(":",K11)+1,10))),1,0)))) | O11: =IF(OR(G11="",K11=""),"",IF(AND(VALUE(LEFT(G11,FIND(":",G11)-1))=VALUE(LEFT(K11,FIND(":",K11)-1)),VALUE(MID(G11,FIND(":",G11)+1,10))=VALUE(MID(K11,FIND(":",K11)+1,10))),3,IF(VALUE(LEFT(G11,FIND(":",G11)-1))-VALUE(MID(G11,FIND(":",G11)+1,10))=VALUE(LEFT(K11,FIND(":",K11)-1))-VALUE(MID(K11,FIND(":",K11)+1,10)),2,IF(SIGN(VALUE(LEFT(G11,FIND(":",G11)-1))-VALUE(MID(G11,FIND(":",G11)+1,10)))=SIGN(VALUE(LEFT(K11,FIND(":",K11)-1))-VALUE(MID(K11,FIND(":",K11)+1,10))),1,0)))) | P11: =IF(OR(H11="",K11=""),"",IF(AND(VALUE(LEFT(H11,FIND(":",H11)-1))=VALUE(LEFT(K11,FIND(":",K11)-1)),VALUE(MID(H11,FIND(":",H11)+1,10))=VALUE(MID(K11,FIND(":",K11)+1,10))),3,IF(VALUE(LEFT(H11,FIND(":",H11)-1))-VALUE(MID(H11,FIND(":",H11)+1,10))=VALUE(LEFT(K11,FIND(":",K11)-1))-VALUE(MID(K11,FIND(":",K11)+1,10)),2,IF(SIGN(VALUE(LEFT(H11,FIND(":",H11)-1))-VALUE(MID(H11,FIND(":",H11)+1,10)))=SIGN(VALUE(LEFT(K11,FIND(":",K11)-1))-VALUE(MID(K11,FIND(":",K11)+1,10))),1,0)))) | Q11: =IF(OR(I11="",K11=""),"",IF(AND(VALUE(LEFT(I11,FIND(":",I11)-1))=VALUE(LEFT(K11,FIND(":",K11)-1)),VALUE(MID(I11,FIND(":",I11)+1,10))=VALUE(MID(K11,FIND(":",K11)+1,10))),3,IF(VALUE(LEFT(I11,FIND(":",I11)-1))-VALUE(MID(I11,FIND(":",I11)+1,10))=VALUE(LEFT(K11,FIND(":",K11)-1))-VALUE(MID(K11,FIND(":",K11)+1,10)),2,IF(SIGN(VALUE(LEFT(I11,FIND(":",I11)-1))-VALUE(MID(I11,FIND(":",I11)+1,10)))=SIGN(VALUE(LEFT(K11,FIND(":",K11)-1))-VALUE(MID(K11,FIND(":",K11)+1,10))),1,0)))) | R11: =IF(OR(J11="",K11=""),"",IF(AND(VALUE(LEFT(J11,FIND(":",J11)-1))=VALUE(LEFT(K11,FIND(":",K11)-1)),VALUE(MID(J11,FIND(":",J11)+1,10))=VALUE(MID(K11,FIND(":",K11)+1,10))),3,IF(VALUE(LEFT(J11,FIND(":",J11)-1))-VALUE(MID(J11,FIND(":",J11)+1,10))=VALUE(LEFT(K11,FIND(":",K11)-1))-VALUE(MID(K11,FIND(":",K11)+1,10)),2,IF(SIGN(VALUE(LEFT(J11,FIND(":",J11)-1))-VALUE(MID(J11,FIND(":",J11)+1,10)))=SIGN(VALUE(LEFT(K11,FIND(":",K11)-1))-VALUE(MID(K11,FIND(":",K11)+1,10))),1,0))))
A12: 14.06. | B12: Deutschland – Curaçao | C12: Gr. E | L12: =IF(OR(D12="",K12=""),"",IF(AND(VALUE(LEFT(D12,FIND(":",D12)-1))=VALUE(LEFT(K12,FIND(":",K12)-1)),VALUE(MID(D12,FIND(":",D12)+1,10))=VALUE(MID(K12,FIND(":",K12)+1,10))),3,IF(VALUE(LEFT(D12,FIND(":",D12)-1))-VALUE(MID(D12,FIND(":",D12)+1,10))=VALUE(LEFT(K12,FIND(":",K12)-1))-VALUE(MID(K12,FIND(":",K12)+1,10)),2,IF(SIGN(VALUE(LEFT(D12,FIND(":",D12)-1))-VALUE(MID(D12,FIND(":",D12)+1,10)))=SIGN(VALUE(LEFT(K12,FIND(":",K12)-1))-VALUE(MID(K12,FIND(":",K12)+1,10))),1,0)))) | M12: =IF(OR(E12="",K12=""),"",IF(AND(VALUE(LEFT(E12,FIND(":",E12)-1))=VALUE(LEFT(K12,FIND(":",K12)-1)),VALUE(MID(E12,FIND(":",E12)+1,10))=VALUE(MID(K12,FIND(":",K12)+1,10))),3,IF(VALUE(LEFT(E12,FIND(":",E12)-1))-VALUE(MID(E12,FIND(":",E12)+1,10))=VALUE(LEFT(K12,FIND(":",K12)-1))-VALUE(MID(K12,FIND(":",K12)+1,10)),2,IF(SIGN(VALUE(LEFT(E12,FIND(":",E12)-1))-VALUE(MID(E12,FIND(":",E12)+1,10)))=SIGN(VALUE(LEFT(K12,FIND(":",K12)-1))-VALUE(MID(K12,FIND(":",K12)+1,10))),1,0)))) | N12: =IF(OR(F12="",K12=""),"",IF(AND(VALUE(LEFT(F12,FIND(":",F12)-1))=VALUE(LEFT(K12,FIND(":",K12)-1)),VALUE(MID(F12,FIND(":",F12)+1,10))=VALUE(MID(K12,FIND(":",K12)+1,10))),3,IF(VALUE(LEFT(F12,FIND(":",F12)-1))-VALUE(MID(F12,FIND(":",F12)+1,10))=VALUE(LEFT(K12,FIND(":",K12)-1))-VALUE(MID(K12,FIND(":",K12)+1,10)),2,IF(SIGN(VALUE(LEFT(F12,FIND(":",F12)-1))-VALUE(MID(F12,FIND(":",F12)+1,10)))=SIGN(VALUE(LEFT(K12,FIND(":",K12)-1))-VALUE(MID(K12,FIND(":",K12)+1,10))),1,0)))) | O12: =IF(OR(G12="",K12=""),"",IF(AND(VALUE(LEFT(G12,FIND(":",G12)-1))=VALUE(LEFT(K12,FIND(":",K12)-1)),VALUE(MID(G12,FIND(":",G12)+1,10))=VALUE(MID(K12,FIND(":",K12)+1,10))),3,IF(VALUE(LEFT(G12,FIND(":",G12)-1))-VALUE(MID(G12,FIND(":",G12)+1,10))=VALUE(LEFT(K12,FIND(":",K12)-1))-VALUE(MID(K12,FIND(":",K12)+1,10)),2,IF(SIGN(VALUE(LEFT(G12,FIND(":",G12)-1))-VALUE(MID(G12,FIND(":",G12)+1,10)))=SIGN(VALUE(LEFT(K12,FIND(":",K12)-1))-VALUE(MID(K12,FIND(":",K12)+1,10))),1,0)))) | P12: =IF(OR(H12="",K12=""),"",IF(AND(VALUE(LEFT(H12,FIND(":",H12)-1))=VALUE(LEFT(K12,FIND(":",K12)-1)),VALUE(MID(H12,FIND(":",H12)+1,10))=VALUE(MID(K12,FIND(":",K12)+1,10))),3,IF(VALUE(LEFT(H12,FIND(":",H12)-1))-VALUE(MID(H12,FIND(":",H12)+1,10))=VALUE(LEFT(K12,FIND(":",K12)-1))-VALUE(MID(K12,FIND(":",K12)+1,10)),2,IF(SIGN(VALUE(LEFT(H12,FIND(":",H12)-1))-VALUE(MID(H12,FIND(":",H12)+1,10)))=SIGN(VALUE(LEFT(K12,FIND(":",K12)-1))-VALUE(MID(K12,FIND(":",K12)+1,10))),1,0)))) | Q12: =IF(OR(I12="",K12=""),"",IF(AND(VALUE(LEFT(I12,FIND(":",I12)-1))=VALUE(LEFT(K12,FIND(":",K12)-1)),VALUE(MID(I12,FIND(":",I12)+1,10))=VALUE(MID(K12,FIND(":",K12)+1,10))),3,IF(VALUE(LEFT(I12,FIND(":",I12)-1))-VALUE(MID(I12,FIND(":",I12)+1,10))=VALUE(LEFT(K12,FIND(":",K12)-1))-VALUE(MID(K12,FIND(":",K12)+1,10)),2,IF(SIGN(VALUE(LEFT(I12,FIND(":",I12)-1))-VALUE(MID(I12,FIND(":",I12)+1,10)))=SIGN(VALUE(LEFT(K12,FIND(":",K12)-1))-VALUE(MID(K12,FIND(":",K12)+1,10))),1,0)))) | R12: =IF(OR(J12="",K12=""),"",IF(AND(VALUE(LEFT(J12,FIND(":",J12)-1))=VALUE(LEFT(K12,FIND(":",K12)-1)),VALUE(MID(J12,FIND(":",J12)+1,10))=VALUE(MID(K12,FIND(":",K12)+1,10))),3,IF(VALUE(LEFT(J12,FIND(":",J12)-1))-VALUE(MID(J12,FIND(":",J12)+1,10))=VALUE(LEFT(K12,FIND(":",K12)-1))-VALUE(MID(K12,FIND(":",K12)+1,10)),2,IF(SIGN(VALUE(LEFT(J12,FIND(":",J12)-1))-VALUE(MID(J12,FIND(":",J12)+1,10)))=SIGN(VALUE(LEFT(K12,FIND(":",K12)-1))-VALUE(MID(K12,FIND(":",K12)+1,10))),1,0))))
A13: 14.06. | B13: Niederlande – Japan | C13: Gr. F | L13: =IF(OR(D13="",K13=""),"",IF(AND(VALUE(LEFT(D13,FIND(":",D13)-1))=VALUE(LEFT(K13,FIND(":",K13)-1)),VALUE(MID(D13,FIND(":",D13)+1,10))=VALUE(MID(K13,FIND(":",K13)+1,10))),3,IF(VALUE(LEFT(D13,FIND(":",D13)-1))-VALUE(MID(D13,FIND(":",D13)+1,10))=VALUE(LEFT(K13,FIND(":",K13)-1))-VALUE(MID(K13,FIND(":",K13)+1,10)),2,IF(SIGN(VALUE(LEFT(D13,FIND(":",D13)-1))-VALUE(MID(D13,FIND(":",D13)+1,10)))=SIGN(VALUE(LEFT(K13,FIND(":",K13)-1))-VALUE(MID(K13,FIND(":",K13)+1,10))),1,0)))) | M13: =IF(OR(E13="",K13=""),"",IF(AND(VALUE(LEFT(E13,FIND(":",E13)-1))=VALUE(LEFT(K13,FIND(":",K13)-1)),VALUE(MID(E13,FIND(":",E13)+1,10))=VALUE(MID(K13,FIND(":",K13)+1,10))),3,IF(VALUE(LEFT(E13,FIND(":",E13)-1))-VALUE(MID(E13,FIND(":",E13)+1,10))=VALUE(LEFT(K13,FIND(":",K13)-1))-VALUE(MID(K13,FIND(":",K13)+1,10)),2,IF(SIGN(VALUE(LEFT(E13,FIND(":",E13)-1))-VALUE(MID(E13,FIND(":",E13)+1,10)))=SIGN(VALUE(LEFT(K13,FIND(":",K13)-1))-VALUE(MID(K13,FIND(":",K13)+1,10))),1,0)))) | N13: =IF(OR(F13="",K13=""),"",IF(AND(VALUE(LEFT(F13,FIND(":",F13)-1))=VALUE(LEFT(K13,FIND(":",K13)-1)),VALUE(MID(F13,FIND(":",F13)+1,10))=VALUE(MID(K13,FIND(":",K13)+1,10))),3,IF(VALUE(LEFT(F13,FIND(":",F13)-1))-VALUE(MID(F13,FIND(":",F13)+1,10))=VALUE(LEFT(K13,FIND(":",K13)-1))-VALUE(MID(K13,FIND(":",K13)+1,10)),2,IF(SIGN(VALUE(LEFT(F13,FIND(":",F13)-1))-VALUE(MID(F13,FIND(":",F13)+1,10)))=SIGN(VALUE(LEFT(K13,FIND(":",K13)-1))-VALUE(MID(K13,FIND(":",K13)+1,10))),1,0)))) | O13: =IF(OR(G13="",K13=""),"",IF(AND(VALUE(LEFT(G13,FIND(":",G13)-1))=VALUE(LEFT(K13,FIND(":",K13)-1)),VALUE(MID(G13,FIND(":",G13)+1,10))=VALUE(MID(K13,FIND(":",K13)+1,10))),3,IF(VALUE(LEFT(G13,FIND(":",G13)-1))-VALUE(MID(G13,FIND(":",G13)+1,10))=VALUE(LEFT(K13,FIND(":",K13)-1))-VALUE(MID(K13,FIND(":",K13)+1,10)),2,IF(SIGN(VALUE(LEFT(G13,FIND(":",G13)-1))-VALUE(MID(G13,FIND(":",G13)+1,10)))=SIGN(VALUE(LEFT(K13,FIND(":",K13)-1))-VALUE(MID(K13,FIND(":",K13)+1,10))),1,0)))) | P13: =IF(OR(H13="",K13=""),"",IF(AND(VALUE(LEFT(H13,FIND(":",H13)-1))=VALUE(LEFT(K13,FIND(":",K13)-1)),VALUE(MID(H13,FIND(":",H13)+1,10))=VALUE(MID(K13,FIND(":",K13)+1,10))),3,IF(VALUE(LEFT(H13,FIND(":",H13)-1))-VALUE(MID(H13,FIND(":",H13)+1,10))=VALUE(LEFT(K13,FIND(":",K13)-1))-VALUE(MID(K13,FIND(":",K13)+1,10)),2,IF(SIGN(VALUE(LEFT(H13,FIND(":",H13)-1))-VALUE(MID(H13,FIND(":",H13)+1,10)))=SIGN(VALUE(LEFT(K13,FIND(":",K13)-1))-VALUE(MID(K13,FIND(":",K13)+1,10))),1,0)))) | Q13: =IF(OR(I13="",K13=""),"",IF(AND(VALUE(LEFT(I13,FIND(":",I13)-1))=VALUE(LEFT(K13,FIND(":",K13)-1)),VALUE(MID(I13,FIND(":",I13)+1,10))=VALUE(MID(K13,FIND(":",K13)+1,10))),3,IF(VALUE(LEFT(I13,FIND(":",I13)-1))-VALUE(MID(I13,FIND(":",I13)+1,10))=VALUE(LEFT(K13,FIND(":",K13)-1))-VALUE(MID(K13,FIND(":",K13)+1,10)),2,IF(SIGN(VALUE(LEFT(I13,FIND(":",I13)-1))-VALUE(MID(I13,FIND(":",I13)+1,10)))=SIGN(VALUE(LEFT(K13,FIND(":",K13)-1))-VALUE(MID(K13,FIND(":",K13)+1,10))),1,0)))) | R13: =IF(OR(J13="",K13=""),"",IF(AND(VALUE(LEFT(J13,FIND(":",J13)-1))=VALUE(LEFT(K13,FIND(":",K13)-1)),VALUE(MID(J13,FIND(":",J13)+1,10))=VALUE(MID(K13,FIND(":",K13)+1,10))),3,IF(VALUE(LEFT(J13,FIND(":",J13)-1))-VALUE(MID(J13,FIND(":",J13)+1,10))=VALUE(LEFT(K13,FIND(":",K13)-1))-VALUE(MID(K13,FIND(":",K13)+1,10)),2,IF(SIGN(VALUE(LEFT(J13,FIND(":",J13)-1))-VALUE(MID(J13,FIND(":",J13)+1,10)))=SIGN(VALUE(LEFT(K13,FIND(":",K13)-1))-VALUE(MID(K13,FIND(":",K13)+1,10))),1,0))))
A14: 15.06. | B14: Elfenbeinküste – Ecuador | C14: Gr. E | L14: =IF(OR(D14="",K14=""),"",IF(AND(VALUE(LEFT(D14,FIND(":",D14)-1))=VALUE(LEFT(K14,FIND(":",K14)-1)),VALUE(MID(D14,FIND(":",D14)+1,10))=VALUE(MID(K14,FIND(":",K14)+1,10))),3,IF(VALUE(LEFT(D14,FIND(":",D14)-1))-VALUE(MID(D14,FIND(":",D14)+1,10))=VALUE(LEFT(K14,FIND(":",K14)-1))-VALUE(MID(K14,FIND(":",K14)+1,10)),2,IF(SIGN(VALUE(LEFT(D14,FIND(":",D14)-1))-VALUE(MID(D14,FIND(":",D14)+1,10)))=SIGN(VALUE(LEFT(K14,FIND(":",K14)-1))-VALUE(MID(K14,FIND(":",K14)+1,10))),1,0)))) | M14: =IF(OR(E14="",K14=""),"",IF(AND(VALUE(LEFT(E14,FIND(":",E14)-1))=VALUE(LEFT(K14,FIND(":",K14)-1)),VALUE(MID(E14,FIND(":",E14)+1,10))=VALUE(MID(K14,FIND(":",K14)+1,10))),3,IF(VALUE(LEFT(E14,FIND(":",E14)-1))-VALUE(MID(E14,FIND(":",E14)+1,10))=VALUE(LEFT(K14,FIND(":",K14)-1))-VALUE(MID(K14,FIND(":",K14)+1,10)),2,IF(SIGN(VALUE(LEFT(E14,FIND(":",E14)-1))-VALUE(MID(E14,FIND(":",E14)+1,10)))=SIGN(VALUE(LEFT(K14,FIND(":",K14)-1))-VALUE(MID(K14,FIND(":",K14)+1,10))),1,0)))) | N14: =IF(OR(F14="",K14=""),"",IF(AND(VALUE(LEFT(F14,FIND(":",F14)-1))=VALUE(LEFT(K14,FIND(":",K14)-1)),VALUE(MID(F14,FIND(":",F14)+1,10))=VALUE(MID(K14,FIND(":",K14)+1,10))),3,IF(VALUE(LEFT(F14,FIND(":",F14)-1))-VALUE(MID(F14,FIND(":",F14)+1,10))=VALUE(LEFT(K14,FIND(":",K14)-1))-VALUE(MID(K14,FIND(":",K14)+1,10)),2,IF(SIGN(VALUE(LEFT(F14,FIND(":",F14)-1))-VALUE(MID(F14,FIND(":",F14)+1,10)))=SIGN(VALUE(LEFT(K14,FIND(":",K14)-1))-VALUE(MID(K14,FIND(":",K14)+1,10))),1,0)))) | O14: =IF(OR(G14="",K14=""),"",IF(AND(VALUE(LEFT(G14,FIND(":",G14)-1))=VALUE(LEFT(K14,FIND(":",K14)-1)),VALUE(MID(G14,FIND(":",G14)+1,10))=VALUE(MID(K14,FIND(":",K14)+1,10))),3,IF(VALUE(LEFT(G14,FIND(":",G14)-1))-VALUE(MID(G14,FIND(":",G14)+1,10))=VALUE(LEFT(K14,FIND(":",K14)-1))-VALUE(MID(K14,FIND(":",K14)+1,10)),2,IF(SIGN(VALUE(LEFT(G14,FIND(":",G14)-1))-VALUE(MID(G14,FIND(":",G14)+1,10)))=SIGN(VALUE(LEFT(K14,FIND(":",K14)-1))-VALUE(MID(K14,FIND(":",K14)+1,10))),1,0)))) | P14: =IF(OR(H14="",K14=""),"",IF(AND(VALUE(LEFT(H14,FIND(":",H14)-1))=VALUE(LEFT(K14,FIND(":",K14)-1)),VALUE(MID(H14,FIND(":",H14)+1,10))=VALUE(MID(K14,FIND(":",K14)+1,10))),3,IF(VALUE(LEFT(H14,FIND(":",H14)-1))-VALUE(MID(H14,FIND(":",H14)+1,10))=VALUE(LEFT(K14,FIND(":",K14)-1))-VALUE(MID(K14,FIND(":",K14)+1,10)),2,IF(SIGN(VALUE(LEFT(H14,FIND(":",H14)-1))-VALUE(MID(H14,FIND(":",H14)+1,10)))=SIGN(VALUE(LEFT(K14,FIND(":",K14)-1))-VALUE(MID(K14,FIND(":",K14)+1,10))),1,0)))) | Q14: =IF(OR(I14="",K14=""),"",IF(AND(VALUE(LEFT(I14,FIND(":",I14)-1))=VALUE(LEFT(K14,FIND(":",K14)-1)),VALUE(MID(I14,FIND(":",I14)+1,10))=VALUE(MID(K14,FIND(":",K14)+1,10))),3,IF(VALUE(LEFT(I14,FIND(":",I14)-1))-VALUE(MID(I14,FIND(":",I14)+1,10))=VALUE(LEFT(K14,FIND(":",K14)-1))-VALUE(MID(K14,FIND(":",K14)+1,10)),2,IF(SIGN(VALUE(LEFT(I14,FIND(":",I14)-1))-VALUE(MID(I14,FIND(":",I14)+1,10)))=SIGN(VALUE(LEFT(K14,FIND(":",K14)-1))-VALUE(MID(K14,FIND(":",K14)+1,10))),1,0)))) | R14: =IF(OR(J14="",K14=""),"",IF(AND(VALUE(LEFT(J14,FIND(":",J14)-1))=VALUE(LEFT(K14,FIND(":",K14)-1)),VALUE(MID(J14,FIND(":",J14)+1,10))=VALUE(MID(K14,FIND(":",K14)+1,10))),3,IF(VALUE(LEFT(J14,FIND(":",J14)-1))-VALUE(MID(J14,FIND(":",J14)+1,10))=VALUE(LEFT(K14,FIND(":",K14)-1))-VALUE(MID(K14,FIND(":",K14)+1,10)),2,IF(SIGN(VALUE(LEFT(J14,FIND(":",J14)-1))-VALUE(MID(J14,FIND(":",J14)+1,10)))=SIGN(VALUE(LEFT(K14,FIND(":",K14)-1))-VALUE(MID(K14,FIND(":",K14)+1,10))),1,0))))
A15: 15.06. | B15: Schweden – Tunesien | C15: Gr. F | L15: =IF(OR(D15="",K15=""),"",IF(AND(VALUE(LEFT(D15,FIND(":",D15)-1))=VALUE(LEFT(K15,FIND(":",K15)-1)),VALUE(MID(D15,FIND(":",D15)+1,10))=VALUE(MID(K15,FIND(":",K15)+1,10))),3,IF(VALUE(LEFT(D15,FIND(":",D15)-1))-VALUE(MID(D15,FIND(":",D15)+1,10))=VALUE(LEFT(K15,FIND(":",K15)-1))-VALUE(MID(K15,FIND(":",K15)+1,10)),2,IF(SIGN(VALUE(LEFT(D15,FIND(":",D15)-1))-VALUE(MID(D15,FIND(":",D15)+1,10)))=SIGN(VALUE(LEFT(K15,FIND(":",K15)-1))-VALUE(MID(K15,FIND(":",K15)+1,10))),1,0)))) | M15: =IF(OR(E15="",K15=""),"",IF(AND(VALUE(LEFT(E15,FIND(":",E15)-1))=VALUE(LEFT(K15,FIND(":",K15)-1)),VALUE(MID(E15,FIND(":",E15)+1,10))=VALUE(MID(K15,FIND(":",K15)+1,10))),3,IF(VALUE(LEFT(E15,FIND(":",E15)-1))-VALUE(MID(E15,FIND(":",E15)+1,10))=VALUE(LEFT(K15,FIND(":",K15)-1))-VALUE(MID(K15,FIND(":",K15)+1,10)),2,IF(SIGN(VALUE(LEFT(E15,FIND(":",E15)-1))-VALUE(MID(E15,FIND(":",E15)+1,10)))=SIGN(VALUE(LEFT(K15,FIND(":",K15)-1))-VALUE(MID(K15,FIND(":",K15)+1,10))),1,0)))) | N15: =IF(OR(F15="",K15=""),"",IF(AND(VALUE(LEFT(F15,FIND(":",F15)-1))=VALUE(LEFT(K15,FIND(":",K15)-1)),VALUE(MID(F15,FIND(":",F15)+1,10))=VALUE(MID(K15,FIND(":",K15)+1,10))),3,IF(VALUE(LEFT(F15,FIND(":",F15)-1))-VALUE(MID(F15,FIND(":",F15)+1,10))=VALUE(LEFT(K15,FIND(":",K15)-1))-VALUE(MID(K15,FIND(":",K15)+1,10)),2,IF(SIGN(VALUE(LEFT(F15,FIND(":",F15)-1))-VALUE(MID(F15,FIND(":",F15)+1,10)))=SIGN(VALUE(LEFT(K15,FIND(":",K15)-1))-VALUE(MID(K15,FIND(":",K15)+1,10))),1,0)))) | O15: =IF(OR(G15="",K15=""),"",IF(AND(VALUE(LEFT(G15,FIND(":",G15)-1))=VALUE(LEFT(K15,FIND(":",K15)-1)),VALUE(MID(G15,FIND(":",G15)+1,10))=VALUE(MID(K15,FIND(":",K15)+1,10))),3,IF(VALUE(LEFT(G15,FIND(":",G15)-1))-VALUE(MID(G15,FIND(":",G15)+1,10))=VALUE(LEFT(K15,FIND(":",K15)-1))-VALUE(MID(K15,FIND(":",K15)+1,10)),2,IF(SIGN(VALUE(LEFT(G15,FIND(":",G15)-1))-VALUE(MID(G15,FIND(":",G15)+1,10)))=SIGN(VALUE(LEFT(K15,FIND(":",K15)-1))-VALUE(MID(K15,FIND(":",K15)+1,10))),1,0)))) | P15: =IF(OR(H15="",K15=""),"",IF(AND(VALUE(LEFT(H15,FIND(":",H15)-1))=VALUE(LEFT(K15,FIND(":",K15)-1)),VALUE(MID(H15,FIND(":",H15)+1,10))=VALUE(MID(K15,FIND(":",K15)+1,10))),3,IF(VALUE(LEFT(H15,FIND(":",H15)-1))-VALUE(MID(H15,FIND(":",H15)+1,10))=VALUE(LEFT(K15,FIND(":",K15)-1))-VALUE(MID(K15,FIND(":",K15)+1,10)),2,IF(SIGN(VALUE(LEFT(H15,FIND(":",H15)-1))-VALUE(MID(H15,FIND(":",H15)+1,10)))=SIGN(VALUE(LEFT(K15,FIND(":",K15)-1))-VALUE(MID(K15,FIND(":",K15)+1,10))),1,0)))) | Q15: =IF(OR(I15="",K15=""),"",IF(AND(VALUE(LEFT(I15,FIND(":",I15)-1))=VALUE(LEFT(K15,FIND(":",K15)-1)),VALUE(MID(I15,FIND(":",I15)+1,10))=VALUE(MID(K15,FIND(":",K15)+1,10))),3,IF(VALUE(LEFT(I15,FIND(":",I15)-1))-VALUE(MID(I15,FIND(":",I15)+1,10))=VALUE(LEFT(K15,FIND(":",K15)-1))-VALUE(MID(K15,FIND(":",K15)+1,10)),2,IF(SIGN(VALUE(LEFT(I15,FIND(":",I15)-1))-VALUE(MID(I15,FIND(":",I15)+1,10)))=SIGN(VALUE(LEFT(K15,FIND(":",K15)-1))-VALUE(MID(K15,FIND(":",K15)+1,10))),1,0)))) | R15: =IF(OR(J15="",K15=""),"",IF(AND(VALUE(LEFT(J15,FIND(":",J15)-1))=VALUE(LEFT(K15,FIND(":",K15)-1)),VALUE(MID(J15,FIND(":",J15)+1,10))=VALUE(MID(K15,FIND(":",K15)+1,10))),3,IF(VALUE(LEFT(J15,FIND(":",J15)-1))-VALUE(MID(J15,FIND(":",J15)+1,10))=VALUE(LEFT(K15,FIND(":",K15)-1))-VALUE(MID(K15,FIND(":",K15)+1,10)),2,IF(SIGN(VALUE(LEFT(J15,FIND(":",J15)-1))-VALUE(MID(J15,FIND(":",J15)+1,10)))=SIGN(VALUE(LEFT(K15,FIND(":",K15)-1))-VALUE(MID(K15,FIND(":",K15)+1,10))),1,0))))
... A75: 27.06. | B75: Jordanien – Argentinien | C75: Gr. J | L75: =IF(OR(D75="",K75=""),"",IF(AND(VALUE(LEFT(D75,FIND(":",D75)-1))=VALUE(LEFT(K75,FIND(":",K75)-1)),VALUE(MID(D75,FIND(":",D75)+1,10))=VALUE(MID(K75,FIND(":",K75)+1,10))),3,IF(VALUE(LEFT(D75,FIND(":",D75)-1))-VALUE(MID(D75,FIND(":",D75)+1,10))=VALUE(LEFT(K75,FIND(":",K75)-1))-VALUE(MID(K75,FIND(":",K75)+1,10)),2,IF(SIGN(VALUE(LEFT(D75,FIND(":",D75)-1))-VALUE(MID(D75,FIND(":",D75)+1,10)))=SIGN(VALUE(LEFT(K75,FIND(":",K75)-1))-VALUE(MID(K75,FIND(":",K75)+1,10))),1,0)))) | M75: =IF(OR(E75="",K75=""),"",IF(AND(VALUE(LEFT(E75,FIND(":",E75)-1))=VALUE(LEFT(K75,FIND(":",K75)-1)),VALUE(MID(E75,FIND(":",E75)+1,10))=VALUE(MID(K75,FIND(":",K75)+1,10))),3,IF(VALUE(LEFT(E75,FIND(":",E75)-1))-VALUE(MID(E75,FIND(":",E75)+1,10))=VALUE(LEFT(K75,FIND(":",K75)-1))-VALUE(MID(K75,FIND(":",K75)+1,10)),2,IF(SIGN(VALUE(LEFT(E75,FIND(":",E75)-1))-VALUE(MID(E75,FIND(":",E75)+1,10)))=SIGN(VALUE(LEFT(K75,FIND(":",K75)-1))-VALUE(MID(K75,FIND(":",K75)+1,10))),1,0)))) | N75: =IF(OR(F75="",K75=""),"",IF(AND(VALUE(LEFT(F75,FIND(":",F75)-1))=VALUE(LEFT(K75,FIND(":",K75)-1)),VALUE(MID(F75,FIND(":",F75)+1,10))=VALUE(MID(K75,FIND(":",K75)+1,10))),3,IF(VALUE(LEFT(F75,FIND(":",F75)-1))-VALUE(MID(F75,FIND(":",F75)+1,10))=VALUE(LEFT(K75,FIND(":",K75)-1))-VALUE(MID(K75,FIND(":",K75)+1,10)),2,IF(SIGN(VALUE(LEFT(F75,FIND(":",F75)-1))-VALUE(MID(F75,FIND(":",F75)+1,10)))=SIGN(VALUE(LEFT(K75,FIND(":",K75)-1))-VALUE(MID(K75,FIND(":",K75)+1,10))),1,0)))) | O75: =IF(OR(G75="",K75=""),"",IF(AND(VALUE(LEFT(G75,FIND(":",G75)-1))=VALUE(LEFT(K75,FIND(":",K75)-1)),VALUE(MID(G75,FIND(":",G75)+1,10))=VALUE(MID(K75,FIND(":",K75)+1,10))),3,IF(VALUE(LEFT(G75,FIND(":",G75)-1))-VALUE(MID(G75,FIND(":",G75)+1,10))=VALUE(LEFT(K75,FIND(":",K75)-1))-VALUE(MID(K75,FIND(":",K75)+1,10)),2,IF(SIGN(VALUE(LEFT(G75,FIND(":",G75)-1))-VALUE(MID(G75,FIND(":",G75)+1,10)))=SIGN(VALUE(LEFT(K75,FIND(":",K75)-1))-VALUE(MID(K75,FIND(":",K75)+1,10))),1,0)))) | P75: =IF(OR(H75="",K75=""),"",IF(AND(VALUE(LEFT(H75,FIND(":",H75)-1))=VALUE(LEFT(K75,FIND(":",K75)-1)),VALUE(MID(H75,FIND(":",H75)+1,10))=VALUE(MID(K75,FIND(":",K75)+1,10))),3,IF(VALUE(LEFT(H75,FIND(":",H75)-1))-VALUE(MID(H75,FIND(":",H75)+1,10))=VALUE(LEFT(K75,FIND(":",K75)-1))-VALUE(MID(K75,FIND(":",K75)+1,10)),2,IF(SIGN(VALUE(LEFT(H75,FIND(":",H75)-1))-VALUE(MID(H75,FIND(":",H75)+1,10)))=SIGN(VALUE(LEFT(K75,FIND(":",K75)-1))-VALUE(MID(K75,FIND(":",K75)+1,10))),1,0)))) | Q75: =IF(OR(I75="",K75=""),"",IF(AND(VALUE(LEFT(I75,FIND(":",I75)-1))=VALUE(LEFT(K75,FIND(":",K75)-1)),VALUE(MID(I75,FIND(":",I75)+1,10))=VALUE(MID(K75,FIND(":",K75)+1,10))),3,IF(VALUE(LEFT(I75,FIND(":",I75)-1))-VALUE(MID(I75,FIND(":",I75)+1,10))=VALUE(LEFT(K75,FIND(":",K75)-1))-VALUE(MID(K75,FIND(":",K75)+1,10)),2,IF(SIGN(VALUE(LEFT(I75,FIND(":",I75)-1))-VALUE(MID(I75,FIND(":",I75)+1,10)))=SIGN(VALUE(LEFT(K75,FIND(":",K75)-1))-VALUE(MID(K75,FIND(":",K75)+1,10))),1,0)))) | R75: =IF(OR(J75="",K75=""),"",IF(AND(VALUE(LEFT(J75,FIND(":",J75)-1))=VALUE(LEFT(K75,FIND(":",K75)-1)),VALUE(MID(J75,FIND(":",J75)+1,10))=VALUE(MID(K75,FIND(":",K75)+1,10))),3,IF(VALUE(LEFT(J75,FIND(":",J75)-1))-VALUE(MID(J75,FIND(":",J75)+1,10))=VALUE(LEFT(K75,FIND(":",K75)-1))-VALUE(MID(K75,FIND(":",K75)+1,10)),2,IF(SIGN(VALUE(LEFT(J75,FIND(":",J75)-1))-VALUE(MID(J75,FIND(":",J75)+1,10)))=SIGN(VALUE(LEFT(K75,FIND(":",K75)-1))-VALUE(MID(K75,FIND(":",K75)+1,10))),1,0))))
A76: GESAMT PUNKTE | L76: =SUM(L4:L75) | M76: =SUM(M4:M75) | N76: =SUM(N4:N75) | O76: =SUM(O4:O75) | P76: =SUM(P4:P75) | Q76: =SUM(Q4:Q75) | R76: =SUM(R4:R75)

Sheet Rangliste
A1: RANGLISTE
A2: Teilnehmer | B2: Punkte
A3: Nolan | B3: =Tippspiel!L76
A4: Leonie | B4: =Tippspiel!M76
A5: Anna | B5: =Tippspiel!N76
A6: Georg | B6: =Tippspiel!O76
A7: Ester | B7: =Tippspiel!P76
A8: Snezhana | B8: =Tippspiel!Q76
A9: Oliver | B9: =Tippspiel!R76
